itemID,quantitysold,price,title
390458788386,10,AU $92.95,Weisshorn 20L Portable Camping Toilet Outdoor Flush Potty Travel Caravan Boating
393935355200,17,AU $47.95,Giantz Air Hose Reel Retractable 10/20m Auto Rewind Wall Mount Compressor Garage
352541460390,5,AU $99.95,Devanti Bagless Vacuum Cleaner 2200W Multi-cyclonic HEPA Filters Vacuums Black
392114443312,13,AU $135.95,Devanti 52'' Ceiling Fan DC Motor 4 Blades LED Light Remote Control Timer White
372807213752,6,AU $149.95,Devanti 48'' Ceiling Fan DC Motor 3 Blades LED Light Remote Control Timer White
392507634834,17,AU $86.95,Devanti 600mm Range Hood 60cm Slide out Rangehood Kitchen Canopy Stainless Steel
392055775239,4,AU $53.95,i.Pet Dog Ramp For Car Pet Dog Stairs Steps Ladder Travel Foldable Portable SUV
352138343630,17,AU $52.95,Gardeon Animal Trap Humane Cage Possum Fox Koala Rabbit Bird Cat Live Catch
372287501609,5,AU $79.95,Devanti 58L Motion Sensor Bin Rubbish Automatic Trash Can Kitchen Black
392245239067,15,AU $75.95,Giselle Foldable Foam Mattress Portable Folding Camping Bed Mat Double Single
